<keymap version="1" name="[Sunbreeze Keymap]" parent="VSCode">
  <action id="ActivateRunToolWindow">
    <keyboard-shortcut first-keystroke="ctrl k" />
  </action>
  <action id="CIDR.Debugger.CopyAddress">
    <keyboard-shortcut first-keystroke="shift alt c" />
  </action>
  <action id="CloseAllEditors" />
  <action id="CloseAllEditorsButActive" />
  <action id="CloseProject">
    <keyboard-shortcut first-keystroke="shift ctrl w" />
  </action>
  <action id="CollapseAllRegions" />
  <action id="CollapseBlock">
    <keyboard-shortcut first-keystroke="ctrl alt open_bracket" />
  </action>
  <action id="CollapseDocComments" />
  <action id="CollapseRegionRecursively" />
  <action id="CommentByLineComment">
    <keyboard-shortcut first-keystroke="ctrl slash" />
  </action>
  <action id="CompareClipboardWithSelection" />
  <action id="Console.TableResult.SetNull" />
  <action id="CopyAbsolutePath">
    <keyboard-shortcut first-keystroke="shift alt c" />
  </action>
  <action id="CopyPaths">
    <keyboard-shortcut first-keystroke="shift alt c" />
  </action>
  <action id="EditSourceInNewWindow" />
  <action id="ExpandAllRegions" />
  <action id="ExpandRegionRecursively" />
  <action id="FindNext">
    <keyboard-shortcut first-keystroke="f3" />
  </action>
  <action id="Help.KeymapReference" />
  <action id="Inline" />
  <action id="JumpToLastChange" />
  <action id="Markdown.Layout.EditorAndPreview" />
  <action id="MoveTabRight" />
  <action id="NextSplitter" />
  <action id="OverrideFileTypeAction" />
  <action id="PinActiveTabAction" />
  <action id="PrevSplitter" />
  <action id="QuickChangeScheme" />
  <action id="QuickJavaDoc" />
  <action id="ReformatWithPrettierAction">
    <keyboard-shortcut first-keystroke="ctrl s" />
  </action>
  <action id="RemoteServers.EditServerConfig" />
  <action id="RevealIn">
    <keyboard-shortcut first-keystroke="shift alt r" />
  </action>
  <action id="Run">
    <keyboard-shortcut first-keystroke="ctrl alt n" />
  </action>
  <action id="RunDashboard.EditConfiguration" />
  <action id="SaveAll" />
  <action id="SelectInProjectView" />
  <action id="Terminal.NextSplitter" />
  <action id="Terminal.PrevSplitter" />
  <action id="ToggleZenMode" />
  <action id="Vcs.Log.ShowTooltip" />
</keymap>