<keymap version="1" name="KDE Proper Redo" parent="Default for KDE">
  <action id="$Cut">
    <keyboard-shortcut first-keystroke="shift delete" />
  </action>
  <action id="$Redo">
    <keyboard-shortcut first-keystroke="shift ctrl z" />
    <keyboard-shortcut first-keystroke="shift alt back_space" />
    <keyboard-shortcut first-keystroke="ctrl y" />
  </action>
  <action id="Console.TableResult.SetNull" />
  <action id="DatabaseView.DataSourceCutAction">
    <keyboard-shortcut first-keystroke="shift delete" />
  </action>
  <action id="EditorCut">
    <keyboard-shortcut first-keystroke="shift delete" />
  </action>
  <action id="EditorDeleteLine">
    <keyboard-shortcut first-keystroke="ctrl x" />
  </action>
  <action id="Inline" />
  <action id="Run">
    <keyboard-shortcut first-keystroke="shift f10" />
    <keyboard-shortcut first-keystroke="ctrl alt n" />
  </action>
  <action id="UsageView.Remove">
    <keyboard-shortcut first-keystroke="shift delete" />
  </action>
</keymap>